Code,Name,Category Code,Unit,Cost,Price,1, Tax Rate Name,Tax Method,Subcategory Code,Product Variants Separated by |,Supplier1(No),Supplier2(No),Supplier3(No),Supplier4(No),Supplier5(No),Custom Field 1,Custom Field 2,Custom Field 3,Custom Field 4,Custom Field 5,Custom Field 6,Image
CD00223,CD00223,CD,unit,, 30.99 ,1,,,,,,,,,,,,,,,,
CD0050401,CD0050401,CD,unit,, 21.99 ,1,,,,,,,,,,,,,,,,
CD005842,CD005842,CD,unit,, 15.99 ,1,,,,,,,,,,,,,,,,
CD00800006,CD00800006,CD,unit,, 13.99 ,1,,,,,,,,,,,,,,,,
CD008049,CD008049,CD,unit,, 19.99 ,1,,,,,,,,,,,,,,,,
CD008963,CD008963,CD,unit,, 13.99 ,1,,,,,,,,,,,,,,,,
CD0090021,CD0090021,CD,unit,, 12.99 ,1,,,,,,,,,,,,,,,,
CD00AJ012,CD00AJ012,CD,unit,, 11.99 ,1,,,,,,,,,,,,,,,,
CD00W187,CD00W187,CD,unit,, 20.99 ,1,,,,,,,,,,,,,,,,
CD0B10509,CD0B10509,CD,unit,, 19.99 ,1,,,,,,,,,,,,,,,,
CD0B135,CD0B135,CD,unit,, 10.00 ,1,,,,,,,,,,,,,,,,
CD0B2005,CD0B2005,CD,unit,, 8.00 ,1,,,,,,,,,,,,,,,,
CD0BPD81,CD0BPD81,CD,unit,, 48.99 ,1,,,,,,,,,,,,,,,,
CD0BPD84,CD0BPD84,CD,unit,, 48.99 ,1,,,,,,,,,,,,,,,,
CD0CPD81,CD0CPD81,CD,unit,, 48.99 ,1,,,,,,,,,,,,,,,,
CD0CPD87,CD0CPD87,CD,unit,, 48.99 ,1,,,,,,,,,,,,,,,,
CD0PPD82,CD0PPD82,CD,unit,, 38.99 ,1,,,,,,,,,,,,,,,,
CD0PPD86,CD0PPD86,CD,unit,, 48.99 ,1,,,,,,,,,,,,,,,,
CD0PPD87,CD0PPD87,CD,unit,, 48.99 ,1,,,,,,,,,,,,,,,,
CD0PPD89,CD0PPD89,CD,unit,, 48.99 ,1,,,,,,,,,,,,,,,,
CD0PPD90,CD0PPD90,CD,unit,, 48.99 ,1,,,,,,,,,,,,,,,,
CD0R10509,CD0R10509,CD,unit,, 19.99 ,1,,,,,,,,,,,,,,,,
CD0R135,CD0R135,CD,unit,, 10.00 ,1,,,,,,,,,,,,,,,,
CD0SPD81,CD0SPD81,CD,unit,, 48.99 ,1,,,,,,,,,,,,,,,,
CD0SPD87,CD0SPD87,CD,unit,, 48.99 ,1,,,,,,,,,,,,,,,,
CD0W2005,CD0W2005,CD,unit,, 8.00 ,1,,,,,,,,,,,,,,,,
CDX2024,CDX2024,CD,unit,, 18.99 ,1,,,,,,,,,,,,,,,,
DO00745,DO00745,DO,unit,, 13.99 ,1,,,,,,,,,,,,,,,,
DO008825,DO008825,DO,unit,, 13.99 ,1,,,,,,,,,,,,,,,,
DO009832,DO009832,DO,unit,, 13.99 ,1,,,,,,,,,,,,,,,,
DO0P10295,DO0P10295,DO,unit,, 12.99 ,1,,,,,,,,,,,,,,,,
DO0SB370,DO0SB370,DO,unit,, 20.99 ,1,,,,,,,,,,,,,,,,
JK00390,JK00390,JK,unit,, 15.99 ,1,,,,,,,,,,,,,,,,
JK00625,JK00625,JK,unit,, 15.99 ,1,,,,,,,,,,,,,,,,
JK007109,JK007109,JK,unit,, 16.99 ,1,,,,,,,,,,,,,,,,
JK007487,JK007487,JK,unit,, 17.99 ,1,,,,,,,,,,,,,,,,
JK008527,JK008527,JK,unit,, 14.99 ,1,,,,,,,,,,,,,,,,
JK0B1038,JK0B1038,JK,unit,, 16.99 ,1,,,,,,,,,,,,,,,,
JK0B3040,JK0B3040,JK,unit,, 18.99 ,1,,,,,,,,,,,,,,,,
JK0C1038,JK0C1038,JK,unit,, 16.99 ,1,,,,,,,,,,,,,,,,
JK0G1050,JK0G1050,JK,unit,, 20.99 ,1,,,,,,,,,,,,,,,,
JK0G366,JK0G366,JK,unit,, 16.99 ,1,,,,,,,,,,,,,,,,
JK0P3040,JK0P3040,JK,unit,, 18.99 ,1,,,,,,,,,,,,,,,,
JKBB3502,JKBB3502,JK,unit,, 11.99 ,1,,,,,,,,,,,,,,,,
JKBB366,JKBB366,JK,unit,, 16.99 ,1,,,,,,,,,,,,,,,,
JKBB9052,JKBB9052,JK,unit,, 18.99 ,1,,,,,,,,,,,,,,,,
JKBBA1635,JKBBA1635,JK,unit,, 13.99 ,1,,,,,,,,,,,,,,,,
JKPP1050,JKPP1050,JK,unit,, 20.99 ,1,,,,,,,,,,,,,,,,
LJ001018,LJ001018,LJ,unit,, 14.99 ,1,,,,,,,,,,,,,,,,
LJ002269,LJ002269,LJ,unit,, 14.99 ,1,,,,,,,,,,,,,,,,
LP00112,LP00112,LP,unit,, 11.99 ,1,,,,,,,,,,,,,,,,
LP004410,LP004410,LP,unit,, 11.99 ,1,,,,,,,,,,,,,,,,
SJ001253,SJ001253,SJ,unit,, 11.99 ,1,,,,,,,,,,,,,,,,
SK003017,SK003017,SK,unit,, 12.99 ,1,,,,,,,,,,,,,,,,
SK005068,SK005068,SK,unit,, 18.99 ,1,,,,,,,,,,,,,,,,
SK00911,SK00911,SK,unit,, 13.99 ,1,,,,,,,,,,,,,,,,
SK009330,SK009330,SK,unit,, 18.99 ,1,,,,,,,,,,,,,,,,
SK0B1519,SK0B1519,SK,unit,, 13.99 ,1,,,,,,,,,,,,,,,,
SK0B3609,SK0B3609,SK,unit,, 11.99 ,1,,,,,,,,,,,,,,,,
SK0C5559,SK0C5559,SK,unit,, 15.99 ,1,,,,,,,,,,,,,,,,
SK0G5559,SK0G5559,SK,unit,, 15.99 ,1,,,,,,,,,,,,,,,,
SKBB3609,SKBB3609,SK,unit,, 11.99 ,1,,,,,,,,,,,,,,,,
SS007179,SS007179,SS,unit,, 17.99 ,1,,,,,,,,,,,,,,,,
SS0080050,SS0080050,SS,unit,, 15.99 ,1,,,,,,,,,,,,,,,,
SS009332,SS009332,SS,unit,, 15.99 ,1,,,,,,,,,,,,,,,,
SS0B7828,SS0B7828,SS,unit,, 15.99 ,1,,,,,,,,,,,,,,,,
SSOW7828,SSOW7828,SS,unit,, 15.99 ,1,,,,,,,,,,,,,,,,
SY000888,SY000888,SY,unit,, 16.99 ,1,,,,,,,,,,,,,,,,
SY0010264,SY0010264,SY,unit,, 11.99 ,1,,,,,,,,,,,,,,,,
SY001814,SY001814,SY,unit,, 16.99 ,1,,,,,,,,,,,,,,,,
SY001846,SY001846,SY,unit,, 16.99 ,1,,,,,,,,,,,,,,,,
SY002242,SY002242,SY,unit,, 14.99 ,1,,,,,,,,,,,,,,,,
SY00265,SY00265,SY,unit,, 18.99 ,1,,,,,,,,,,,,,,,,
SY002660,SY002660,SY,unit,, 14.99 ,1,,,,,,,,,,,,,,,,
SY003010,SY003010,SY,unit,, 11.99 ,1,,,,,,,,,,,,,,,,
SY006872,SY006872,SY,unit,, 13.99 ,1,,,,,,,,,,,,,,,,
SY007959,SY007959,SY,unit,, 17.99 ,1,,,,,,,,,,,,,,,,
SY0080075,SY0080075,SY,unit,, 13.99 ,1,,,,,,,,,,,,,,,,
SY0080910,SY0080910,SY,unit,, 15.99 ,1,,,,,,,,,,,,,,,,
SY008295,SY008295,SY,unit,, 14.99 ,1,,,,,,,,,,,,,,,,
SY008873,SY008873,SY,unit,, 13.99 ,1,,,,,,,,,,,,,,,,
SY009020,SY009020,SY,unit,, 12.99 ,1,,,,,,,,,,,,,,,,
SY009272,SY009272,SY,unit,, 8.99 ,1,,,,,,,,,,,,,,,,
SY009390,SY009390,SY,unit,, 12.99 ,1,,,,,,,,,,,,,,,,
SY009588,SY009588,SY,unit,, 11.99 ,1,,,,,,,,,,,,,,,,
SY00A087,SY00A087,SY,unit,, 15.99 ,1,,,,,,,,,,,,,,,,
SY00AJ008,SY00AJ008,SY,unit,, 8.00 ,1,,,,,,,,,,,,,,,,
SY00JU208,SY00JU208,SY,unit,, 7.99 ,1,,,,,,,,,,,,,,,,
SY00W122,SY00W122,SY,unit,, 14.99 ,1,,,,,,,,,,,,,,,,
SY0B2095,SY0B2095,SY,unit,, 14.99 ,1,,,,,,,,,,,,,,,,
SY0B2773,SY0B2773,SY,unit,, 14.99 ,1,,,,,,,,,,,,,,,,
SY0B5717,SY0B5717,SY,unit,, 10.00 ,1,,,,,,,,,,,,,,,,
SY0B6602,SY0B6602,SY,unit,, 14.99 ,1,,,,,,,,,,,,,,,,
SY0G10847,SY0G10847,SY,unit,, 10.00 ,1,,,,,,,,,,,,,,,,
SY0G2773,SY0G2773,SY,unit,, 14.99 ,1,,,,,,,,,,,,,,,,
SY0G3915,SY0G3915,SY,unit,, 14.99 ,1,,,,,,,,,,,,,,,,
SY0P10847,SY0P10847,SY,unit,, 10.00 ,1,,,,,,,,,,,,,,,,
SY0P3915,SY0P3915,SY,unit,, 14.99 ,1,,,,,,,,,,,,,,,,
SY0R80098,SY0R80098,SY,unit,, 10.00 ,1,,,,,,,,,,,,,,,,
SY0R8991,SY0R8991,SY,unit,, 12.99 ,1,,,,,,,,,,,,,,,,
SY0R90117,SY0R90117,SY,unit,, 10.99 ,1,,,,,,,,,,,,,,,,
SY0W168,SY0W168,SY,unit,, 10.00 ,1,,,,,,,,,,,,,,,,
SY0W385,SY0W385,SY,unit,, 12.99 ,1,,,,,,,,,,,,,,,,
SY0W80098,SY0W80098,SY,unit,, 10.00 ,1,,,,,,,,,,,,,,,,
SY0W8916,SY0W8916,SY,unit,, 8.50 ,1,,,,,,,,,,,,,,,,
SY0W91061,SY0W91061,SY,unit,, 10.00 ,1,,,,,,,,,,,,,,,,
SY0WJU202,SY0WJU202,SY,unit,, 6.99 ,1,,,,,,,,,,,,,,,,
SYBB10847,SYBB10847,SY,unit,, 10.00 ,1,,,,,,,,,,,,,,,,
SYBB168,SYBB168,SY,unit,, 10.00 ,1,,,,,,,,,,,,,,,,
SYBB3062,SYBB3062,SY,unit,, 14.99 ,1,,,,,,,,,,,,,,,,
SYBB5717,SYBB5717,SY,unit,, 10.00 ,1,,,,,,,,,,,,,,,,
SYBB6002,SYBB6002,SY,unit,, 10.00 ,1,,,,,,,,,,,,,,,,
SYDB6602,SYDB6602,SY,unit,, 14.99 ,1,,,,,,,,,,,,,,,,
SYDMW005,SYDMW005,SY,unit,, 16.99 ,1,,,,,,,,,,,,,,,,
SYGG3915,SYGG3915,SY,unit,, 14.99 ,1,,,,,,,,,,,,,,,,
SYGG6852,SYGG6852,SY,unit,, 15.99 ,1,,,,,,,,,,,,,,,,
SYPP2095,SYPP2095,SY,unit,, 14.99 ,1,,,,,,,,,,,,,,,,
SYVBX026,SYVBX026,SY,unit,, 6.99 ,1,,,,,,,,,,,,,,,,
SYVX008,SYVX008,SY,unit,, 6.99 ,1,,,,,,,,,,,,,,,,
EW0B8845,EW0B8845,EW,UNIT,, 34.00 ,1,,,,,,,,,,,,,,,,
EW0B8860,EW0B8860,EW,UNIT,, 38.00 ,1,,,,,,,,,,,,,,,,
EW0G8860,EW0G8860,EW,UNIT,, 38.00 ,1,,,,,,,,,,,,,,,,
EWBB8702,EWBB8702,EW,UNIT,, 28.00 ,1,,,,,,,,,,,,,,,,
EWBL8702,EWBL8702,EW,UNIT,, 28.00 ,1,,,,,,,,,,,,,,,,
ISBS3803,ISBS3803,IS,UNIT,, 36.00 ,1,,,,,,,,,,,,,,,,
IS003821,IS003821,IS,UNIT,, 29.00 ,1,,,,,,,,,,,,,,,,
IS008138,IS008138,IS,UNIT,, 29.00 ,1,,,,,,,,,,,,,,,,
IS0B2232,IS0B2232,IS,UNIT,, 28.00 ,1,,,,,,,,,,,,,,,,
IS0B2240,IS0B2240,IS,UNIT,, 28.00 ,1,,,,,,,,,,,,,,,,
IS0B2241,IS0B2241,IS,UNIT,, 28.00 ,1,,,,,,,,,,,,,,,,
IS0B2246,IS0B2246,IS,UNIT,, 30.00 ,1,,,,,,,,,,,,,,,,
IS0B3816,IS0B3816,IS,UNIT,, 66.00 ,1,,,,,,,,,,,,,,,,
IS0B3816B,IS0B3816B,IS,UNIT,, 32.00 ,1,,,,,,,,,,,,,,,,
IS0B3939,IS0B3939,IS,UNIT,, 38.00 ,1,,,,,,,,,,,,,,,,
IS0B3968,IS0B3968,IS,UNIT,, 60.00 ,1,,,,,,,,,,,,,,,,
IS0B3973,IS0B3973,IS,UNIT,, 48.00 ,1,,,,,,,,,,,,,,,,
IS0B6809,IS0B6809,IS,UNIT,, 40.00 ,1,,,,,,,,,,,,,,,,
IS0G220,IS0G220,IS,UNIT,, 32.00 ,1,,,,,,,,,,,,,,,,
IS0G3800,IS0G3800,IS,UNIT,, 36.00 ,1,,,,,,,,,,,,,,,,
IS0G3821,IS0G3821,IS,UNIT,, 29.00 ,1,,,,,,,,,,,,,,,,
IS0G3848,IS0G3848,IS,UNIT,, 30.00 ,1,,,,,,,,,,,,,,,,
IS0G3961,IS0G3961,IS,UNIT,, 36.00 ,1,,,,,,,,,,,,,,,,
IS0G6802,IS0G6802,IS,UNIT,, 55.00 ,1,,,,,,,,,,,,,,,,
IS0G6802,IS0G6802,IS,UNIT,, 45.00 ,1,,,,,,,,,,,,,,,,
IS0G8109,IS0G8109,IS,UNIT,, 38.00 ,1,,,,,,,,,,,,,,,,
IS0P220,IS0P220,IS,UNIT,, 32.00 ,1,,,,,,,,,,,,,,,,
IS0P3800,IS0P3800,IS,UNIT,, 55.00 ,1,,,,,,,,,,,,,,,,
IS0R216,IS0R216,IS,UNIT,, 28.00 ,1,,,,,,,,,,,,,,,,
IS0R3866,IS0R3866,IS,UNIT,, 38.00 ,1,,,,,,,,,,,,,,,,
IS0R3963,IS0R3963,IS,UNIT,, 29.00 ,1,,,,,,,,,,,,,,,,
IS0R3963,IS0R3963,IS,UNIT,, 48.00 ,1,,,,,,,,,,,,,,,,
IS0R6819,IS0R6819,IS,UNIT,, 30.00 ,1,,,,,,,,,,,,,,,,
IS0R8111,IS0R8111,IS,UNIT,, 32.00 ,1,,,,,,,,,,,,,,,,
IS0R8126,IS0R8126,IS,UNIT,, 38.00 ,1,,,,,,,,,,,,,,,,
IS0S3848,IS0S3848,IS,UNIT,, 30.00 ,1,,,,,,,,,,,,,,,,
IS0S386,IS0S386,IS,UNIT,, 38.00 ,1,,,,,,,,,,,,,,,,
IS0W213,IS0W213,IS,UNIT,, 36.00 ,1,,,,,,,,,,,,,,,,
IS0W216,IS0W216,IS,UNIT,, 33.00 ,1,,,,,,,,,,,,,,,,
IS0W3939,IS0W3939,IS,UNIT,, 38.00 ,1,,,,,,,,,,,,,,,,
IS0W3968,IS0W3968,IS,UNIT,, 60.00 ,1,,,,,,,,,,,,,,,,
IS0W8111,IS0W8111,IS,UNIT,, 48.00 ,1,,,,,,,,,,,,,,,,
IS0Y3821,IS0Y3821,IS,UNIT,, 29.00 ,1,,,,,,,,,,,,,,,,
IS103830,IS103830,IS,UNIT,, 29.00 ,1,,,,,,,,,,,,,,,,
IS103860,IS103860,IS,UNIT,, 38.00 ,1,,,,,,,,,,,,,,,,
IS103860,IS103860,IS,UNIT,, 34.00 ,1,,,,,,,,,,,,,,,,
IS103960,IS103960,IS,UNIT,, 44.00 ,1,,,,,,,,,,,,,,,,
IS1BB126,IS1BB126,IS,UNIT,, 28.00 ,1,,,,,,,,,,,,,,,,
IS1BG3822,IS1BG3822,IS,UNIT,, 32.00 ,1,,,,,,,,,,,,,,,,
IS1BG8126,IS1BG8126,IS,UNIT,, 38.00 ,1,,,,,,,,,,,,,,,,
IS1BS3822,IS1BS3822,IS,UNIT,, 32.00 ,1,,,,,,,,,,,,,,,,
IS203832,IS203832,IS,UNIT,, 29.00 ,1,,,,,,,,,,,,,,,,
IS203860,IS203860,IS,UNIT,, 38.00 ,1,,,,,,,,,,,,,,,,
IS206811,IS206811,IS,UNIT,, 48.00 ,1,,,,,,,,,,,,,,,,
IS303818,IS303818,IS,UNIT,, 32.00 ,1,,,,,,,,,,,,,,,,
IS303830,IS303830,IS,UNIT,, 29.00 ,1,,,,,,,,,,,,,,,,
IS303860,IS303860,IS,UNIT,, 38.00 ,1,,,,,,,,,,,,,,,,
IS303908,IS303908,IS,UNIT,, 33.00 ,1,,,,,,,,,,,,,,,,
IS303960,IS303960,IS,UNIT,, 44.00 ,1,,,,,,,,,,,,,,,,
IS306811,IS306811,IS,UNIT,, 48.00 ,1,,,,,,,,,,,,,,,,
IS503832,IS503832,IS,UNIT,, 29.00 ,1,,,,,,,,,,,,,,,,
ISBB216,ISBB216,IS,UNIT,, 28.00 ,1,,,,,,,,,,,,,,,,
ISBB220,ISBB220,IS,UNIT,, 32.00 ,1,,,,,,,,,,,,,,,,
ISBB2232,ISBB2232,IS,UNIT,, 28.00 ,1,,,,,,,,,,,,,,,,
ISBB2240,ISBB2240,IS,UNIT,, 28.00 ,1,,,,,,,,,,,,,,,,
ISBB2241,ISBB2241,IS,UNIT,, 28.00 ,1,,,,,,,,,,,,,,,,
ISBB3803,ISBB3803,IS,UNIT,, 36.00 ,1,,,,,,,,,,,,,,,,
ISBB3938,ISBB3938,IS,UNIT,, 30.00 ,1,,,,,,,,,,,,,,,,
ISBB3960,ISBB3960,IS,UNIT,, 58.00 ,1,,,,,,,,,,,,,,,,
ISBB3961,ISBB3961,IS,UNIT,, 36.00 ,1,,,,,,,,,,,,,,,,
ISBB6802,ISBB6802,IS,UNIT,, 55.00 ,1,,,,,,,,,,,,,,,,
ISBB6809,ISBB6809,IS,UNIT,, 40.00 ,1,,,,,,,,,,,,,,,,
ISBB8138,ISBB8138,IS,UNIT,, 29.00 ,1,,,,,,,,,,,,,,,,
ISBBG8126,ISBBG8126,IS,UNIT,, 38.00 ,1,,,,,,,,,,,,,,,,
ISBBS8126,ISBBS8126,IS,UNIT,, 38.00 ,1,,,,,,,,,,,,,,,,
ISBE3812,ISBE3812,IS,UNIT,, 32.00 ,1,,,,,,,,,,,,,,,,
ISBE3938,ISBE3938,IS,UNIT,, 30.00 ,1,,,,,,,,,,,,,,,,
ISBG3812,ISBG3812,IS,UNIT,, 38.00 ,1,,,,,,,,,,,,,,,,
ISBG3820,ISBG3820,IS,UNIT,, 29.00 ,1,,,,,,,,,,,,,,,,
ISBG3822,ISBG3822,IS,UNIT,, 32.00 ,1,,,,,,,,,,,,,,,,
ISBG3978,ISBG3978,IS,UNIT,, 34.00 ,1,,,,,,,,,,,,,,,,
ISBR3938,ISBR3938,IS,UNIT,, 30.00 ,1,,,,,,,,,,,,,,,,
ISBR3978,ISBR3978,IS,UNIT,, 34.00 ,1,,,,,,,,,,,,,,,,
ISBR6816,ISBR6816,IS,UNIT,, 40.00 ,1,,,,,,,,,,,,,,,,
ISBR8113,ISBR8113,IS,UNIT,, 46.00 ,1,,,,,,,,,,,,,,,,
ISBS3820,ISBS3820,IS,UNIT,, 29.00 ,1,,,,,,,,,,,,,,,,
ISBS3863,ISBS3863,IS,UNIT,, 38.00 ,1,,,,,,,,,,,,,,,,
ISBS3961,ISBS3961,IS,UNIT,, 36.00 ,1,,,,,,,,,,,,,,,,
ISBWG3822,ISBWG3822,IS,UNIT,, 32.00 ,1,,,,,,,,,,,,,,,,
ISGG6816,ISGG6816,IS,UNIT,, 40.00 ,1,,,,,,,,,,,,,,,,
ISPP3992,ISPP3992,IS,UNIT,, 38.00 ,1,,,,,,,,,,,,,,,,
ISPP8111,ISPP8111,IS,UNIT,, 48.00 ,1,,,,,,,,,,,,,,,,
ISRG2216,ISRG2216,IS,UNIT,, 35.00 ,1,,,,,,,,,,,,,,,,
ISRW3921,ISRW3921,IS,UNIT,, 30.00 ,1,,,,,,,,,,,,,,,,
JJ002013,JJ002013,JJ,UNIT,, 36.00 ,1,,,,,,,,,,,,,,,,
JL0B0814,JL0B0814,JL,UNIT,, 28.00 ,1,,,,,,,,,,,,,,,,
JL0B094,JL0B094,JL,UNIT,, 58.00 ,1,,,,,,,,,,,,,,,,
JL0B096,JL0B096,JL,UNIT,, 70.00 ,1,,,,,,,,,,,,,,,,
JL0B885,JL0B885,JL,UNIT,, 30.00 ,1,,,,,,,,,,,,,,,,
JL0G0828,JL0G0828,JL,UNIT,, 55.00 ,1,,,,,,,,,,,,,,,,
JL0G094,JL0G094,JL,UNIT,, 58.00 ,1,,,,,,,,,,,,,,,,
JL0G097,JL0G097,JL,UNIT,, 36.00 ,1,,,,,,,,,,,,,,,,
JL0G859,JL0G859,JL,UNIT,, 48.00 ,1,,,,,,,,,,,,,,,,
JL0G861,JL0G861,JL,UNIT,, 38.00 ,1,,,,,,,,,,,,,,,,
JL0G867,JL0G867,JL,UNIT,, 39.00 ,1,,,,,,,,,,,,,,,,
JL0G871,JL0G871,JL,UNIT,, 45.00 ,1,,,,,,,,,,,,,,,,
JL0G878,JL0G878,JL,UNIT,, 48.00 ,1,,,,,,,,,,,,,,,,
JL0G906,JL0G906,JL,UNIT,, 39.00 ,1,,,,,,,,,,,,,,,,
JL0G919,JL0G919,JL,UNIT,, 38.00 ,1,,,,,,,,,,,,,,,,
JL0G926,JL0G926,JL,UNIT,, 35.00 ,1,,,,,,,,,,,,,,,,
JL0G936,JL0G936,JL,UNIT,, 50.00 ,1,,,,,,,,,,,,,,,,
JL0P0828,JL0P0828,JL,UNIT,, 55.00 ,1,,,,,,,,,,,,,,,,
JL0P854,JL0P854,JL,UNIT,, 30.00 ,1,,,,,,,,,,,,,,,,
JL0P866,JL0P866,JL,UNIT,, 36.00 ,1,,,,,,,,,,,,,,,,
JL0R854,JL0R854,JL,UNIT,, 30.00 ,1,,,,,,,,,,,,,,,,
JL0R885,JL0R885,JL,UNIT,, 30.00 ,1,,,,,,,,,,,,,,,,
JL0R964,JL0R964,JL,UNIT,, 30.00 ,1,,,,,,,,,,,,,,,,
JL0S859,JL0S859,JL,UNIT,, 48.00 ,1,,,,,,,,,,,,,,,,
JL0S861,JL0S861,JL,UNIT,, 38.00 ,1,,,,,,,,,,,,,,,,
JL0S867,JL0S867,JL,UNIT,, 39.00 ,1,,,,,,,,,,,,,,,,
JL0S871,JL0S871,JL,UNIT,, 45.00 ,1,,,,,,,,,,,,,,,,
JL0S878,JL0S878,JL,UNIT,, 48.00 ,1,,,,,,,,,,,,,,,,
JL0S918,JL0S918,JL,UNIT,, 56.00 ,1,,,,,,,,,,,,,,,,
JL0S919,JL0S919,JL,UNIT,, 38.00 ,1,,,,,,,,,,,,,,,,
JL0S936,JL0S936,JL,UNIT,, 50.00 ,1,,,,,,,,,,,,,,,,
JL0W0814,JL0W0814,JL,UNIT,, 28.00 ,1,,,,,,,,,,,,,,,,
JL0W0828,JL0W0828,JL,UNIT,, 55.00 ,1,,,,,,,,,,,,,,,,
JL0W866,JL0W866,JL,UNIT,, 36.00 ,1,,,,,,,,,,,,,,,,
JL0W884,JL0W884,JL,UNIT,, 30.00 ,1,,,,,,,,,,,,,,,,
JL0W964,JL0W964,JL,UNIT,, 30.00 ,1,,,,,,,,,,,,,,,,
JL0Y097,JL0Y097,JL,UNIT,, 36.00 ,1,,,,,,,,,,,,,,,,
JLBB094,JLBB094,JL,UNIT,, 58.00 ,1,,,,,,,,,,,,,,,,
JLBB096,JLBB096,JL,UNIT,, 70.00 ,1,,,,,,,,,,,,,,,,
JLBB866,JLBB866,JL,UNIT,, 36.00 ,1,,,,,,,,,,,,,,,,
JLBB866,JLBB866,JL,UNIT,, 36.00 ,1,,,,,,,,,,,,,,,,
JLBB885,JLBB885,JL,UNIT,, 30.00 ,1,,,,,,,,,,,,,,,,
JLBB926,JLBB926,JL,UNIT,, 35.00 ,1,,,,,,,,,,,,,,,,
JLBB945,JLBB945,JL,UNIT,, 34.00 ,1,,,,,,,,,,,,,,,,
JLBG954,JLBG954,JL,UNIT,, 32.00 ,1,,,,,,,,,,,,,,,,
JLBR0660,JLBR0660,JL,UNIT,, 30.00 ,1,,,,,,,,,,,,,,,,
JLBR0694,JLBR0694,JL,UNIT,, 27.00 ,1,,,,,,,,,,,,,,,,
JLBR097,JLBR097,JL,UNIT,, 36.00 ,1,,,,,,,,,,,,,,,,
JLBR954,JLBR954,JL,UNIT,, 32.00 ,1,,,,,,,,,,,,,,,,
JLBR964,JLBR964,JL,UNIT,, 30.00 ,1,,,,,,,,,,,,,,,,
JLBW096,JLBW096,JL,UNIT,, 70.00 ,1,,,,,,,,,,,,,,,,
JLDG0821,JLDG0821,JL,UNIT,, 55.00 ,1,,,,,,,,,,,,,,,,
JLDG0829,JLDG0829,JL,UNIT,, 36.00 ,1,,,,,,,,,,,,,,,,
JLDG0848,JLDG0848,JL,UNIT,, 53.00 ,1,,,,,,,,,,,,,,,,
JLDG871,JLDG871,JL,UNIT,, 45.00 ,1,,,,,,,,,,,,,,,,
JLGG866,JLGG866,JL,UNIT,, 36.00 ,1,,,,,,,,,,,,,,,,
JLGG919,JLGG919,JL,UNIT,, 38.00 ,1,,,,,,,,,,,,,,,,
JLGG926,JLGG926,JL,UNIT,, 35.00 ,1,,,,,,,,,,,,,,,,
JLOB906,JLOB906,JL,UNIT,, 39.00 ,1,,,,,,,,,,,,,,,,
JLPP0814,JLPP0814,JL,UNIT,, 28.00 ,1,,,,,,,,,,,,,,,,
JLPP926,JLPP926,JL,UNIT,, 35.00 ,1,,,,,,,,,,,,,,,,
JLRG0821,JLRG0821,JL,UNIT,, 55.00 ,1,,,,,,,,,,,,,,,,
JLSB0090,JLSB0090,JL,UNIT,, 70.00 ,1,,,,,,,,,,,,,,,,
JLSB861,JLSB861,JL,UNIT,, 38.00 ,1,,,,,,,,,,,,,,,,
JLSR859,JLSR859,JL,UNIT,, 48.00 ,1,,,,,,,,,,,,,,,,
KM000516,KM000516,KM,UNIT,, 36.00 ,1,,,,,,,,,,,,,,,,
KM0B0509,KM0B0509,KM,UNIT,, 30.00 ,1,,,,,,,,,,,,,,,,
KM0B6005,KM0B6005,KM,UNIT,, 36.00 ,1,,,,,,,,,,,,,,,,
KM0B6009,KM0B6009,KM,UNIT,, 28.00 ,1,,,,,,,,,,,,,,,,
KM0B6010,KM0B6010,KM,UNIT,, 28.00 ,1,,,,,,,,,,,,,,,,
KM0B6015,KM0B6015,KM,UNIT,, 28.00 ,1,,,,,,,,,,,,,,,,
KM0G0556,KM0G0556,KM,UNIT,, 30.00 ,1,,,,,,,,,,,,,,,,
KM0G6001,KM0G6001,KM,UNIT,, 32.00 ,1,,,,,,,,,,,,,,,,
KM0G6015,KM0G6015,KM,UNIT,, 28.00 ,1,,,,,,,,,,,,,,,,
KM0P0509,KM0P0509,KM,UNIT,, 30.00 ,1,,,,,,,,,,,,,,,,
KM0P0512,KM0P0512,KM,UNIT,, 32.00 ,1,,,,,,,,,,,,,,,,
KM0P6021,KM0P6021,KM,UNIT,, 26.00 ,1,,,,,,,,,,,,,,,,
KM0R0513,KM0R0513,KM,UNIT,, 32.00 ,1,,,,,,,,,,,,,,,,
KM0W0513,KM0W0513,KM,UNIT,, 32.00 ,1,,,,,,,,,,,,,,,,
KM0W0516,KM0W0516,KM,UNIT,, 36.00 ,1,,,,,,,,,,,,,,,,
KM0W0526,KM0W0526,KM,UNIT,, 30.00 ,1,,,,,,,,,,,,,,,,
KM0W6021,KM0W6021,KM,UNIT,, 26.00 ,1,,,,,,,,,,,,,,,,
KMBE0512,KMBE0512,KM,UNIT,, 32.00 ,1,,,,,,,,,,,,,,,,
KMBE0513,KMBE0513,KM,UNIT,, 32.00 ,1,,,,,,,,,,,,,,,,
KMBG6015,KMBG6015,KM,UNIT,, 28.00 ,1,,,,,,,,,,,,,,,,
KMBG6016,KMBG6016,KM,UNIT,, 32.00 ,1,,,,,,,,,,,,,,,,
KMBR0513,KMBR0513,KM,UNIT,, 32.00 ,1,,,,,,,,,,,,,,,,
KMBR0546,KMBR0546,KM,UNIT,, 30.00 ,1,,,,,,,,,,,,,,,,
KMPP0509,KMPP0509,KM,UNIT,, 30.00 ,1,,,,,,,,,,,,,,,,
NF109054,NF109054,NF,UNIT,, 32.00 ,1,,,,,,,,,,,,,,,,
NF209037,NF209037,NF,UNIT,, 36.00 ,1,,,,,,,,,,,,,,,,
NF209053,NF209053,NF,UNIT,, 36.00 ,1,,,,,,,,,,,,,,,,
NF209054,NF209054,NF,UNIT,, 32.00 ,1,,,,,,,,,,,,,,,,
NF309053,NF309053,NF,UNIT,, 36.00 ,1,,,,,,,,,,,,,,,,
NF409053,NF409053,NF,UNIT,, 36.00 ,1,,,,,,,,,,,,,,,,
SW0R9079,SW0R9079,SW,UNIT,, 20.00 ,1,,,,,,,,,,,,,,,,
SW0W0987,SW0W0987,SW,UNIT,, 30.00 ,1,,,,,,,,,,,,,,,,
SWSB9069,SWSB9069,SW,UNIT,, 34.00 ,1,,,,,,,,,,,,,,,,
